{
  "Fastest": 0.008570689999032766,
  "Slowest": 0.014341681002406403,
  "Times": [
    0.008570689999032766,
    0.008674885000800714,
    0.008873990998836234,
    0.00893165600427892,
    0.008961473999079317,
    0.009045219005201943,
    0.009078938004677184,
    0.009081046999199316,
    0.009235714009264484,
    0.009251925992430188,
    0.009270832990296185,
    0.0092816579999635,
    0.009311833986430429,
    0.009327234991360456,
    0.009377794995089062,
    0.009432571998331696,
    0.009443303002626635,
    0.00944583500677254,
    0.009491725009866059,
    0.009499722000327893,
    0.009502043991233222,
    0.009511680997093208,
    0.009513142009382136,
    0.00954698899295181,
    0.009555467986501753,
    0.00957136700162664,
    0.009581356003764085,
    0.009592182992491871,
    0.00960450699494686,
    0.00961936599924229,
    0.009627741004806012,
    0.00967059499816969,
    0.009673312000813894,
    0.009695695989648812,
    0.009705261996714398,
    0.009711243998026475,
    0.00972114699834492,
    0.009733196988236159,
    0.009734723003930412,
    0.009744196009705774,
    0.009762672998476774,
    0.009806593996472657,
    0.009818670994718559,
    0.00981950099230744,
    0.009824031993048266,
    0.00982899199880194,
    0.009846993998507969,
    0.009848440997302532,
    0.009851340000750497,
    0.00985642800515052,
    0.009868419991107658,
    0.009875128002022393,
    0.009878091994323768,
    0.009879859004286118,
    0.009905444996547885,
    0.00993243399716448,
    0.00994044600520283,
    0.009952781008905731,
    0.009953204993507825,
    0.009980197006370872,
    0.010019203997217119,
    0.010072436009068042,
    0.010078995008370839,
    0.010087495989864692,
    0.01010002700786572,
    0.010109649010701105,
    0.010110508999787271,
    0.010119740996742621,
    0.010135068005183712,
    0.010155253010452725,
    0.010249571001622826,
    0.010272607003571466,
    0.010274553002091125,
    0.010420257007353939,
    0.010448071989230812,
    0.010482967001735233,
    0.01049654399685096,
    0.010501423006644472,
    0.010548517995630391,
    0.0105505940009607,
    0.010603003989672288,
    0.01062694500433281,
    0.010666178000974469,
    0.010761236000689678,
    0.010802445991430432,
    0.011025123996660113,
    0.011243150001973845,
    0.011583583996980451,
    0.011703623997163959,
    0.011868900997797027,
    0.012228955994942226,
    0.012334013998042792,
    0.012563280994072556,
    0.013165634998586029,
    0.013351816989597864,
    0.013450026002828963,
    0.0141138009930728,
    0.014148682996165007,
    0.014224151003872976,
    0.014341681002406403
  ]
}